Nome_escola,Cod_inep,Municipio_polo,Cod_ibge,Enderenco_polo,Bairro_polo,long,lat,Gee,Tipo_ensino
CAS CENTRO DE ATENDIMENTO AS PESSOAS COM SURDEZ JOELINA ALVES CERQUEIRA,27237400,Maceió,2704302,RUA ERNESTO GOMES MARANHAO,JATIUCA,-35.71165382,-9.652735943,1ª,Escola de Ensino Regular
CENTRO DE EDUCAC DE JOVENS E ADULTOS REMY MAIA,27013880,Palmeira dos Índios,2706307,RUA FRANCISCO MOURA,SAO FRANCISCO,-36.62619068,-9.415043255,3ª,Escola de Ensino Regular
CENTRO EDUCACIONAL DE JOVENS E ADULTOS PAULO FREIRE - CEJA,27224546,Maceió,2704302,RUA JOAO PESSOA,CENTRO,-35.73790239,-9.661084737,1ª,Escola de Ensino Regular
CENTRO ESTADUAL DE EDUCACAO PROFESSORA WANDETTE GOMES DE CASTRO,27218163,Maceió,2704302,RUA PEDRO AMERICO,POCO,-35.71891364,-9.659993683,1ª,Escola de Ensino Regular
CENTRO ESTADUAL DE EDUCACAO PROFISSIONAL E TECNOLOGICO DE MACEIO DICIONARISTA AURELIO BUARQUE DE HO,27051161,Maceió,2704302,RUA PROJETADA - LOT SANTA AMELIA,TABULEIRO DOS MARTINS,-35.773682,-9.587864,1ª,Escola de Ensino Regular
CEPT DE CORURIPE MARIA ALICE BELTRAO DE CASTRO SIQUEIRA,27048268,Coruripe,2702306,RUA PERNAMBUCO NOVO,VASSOURAS,-36.169199,-10.130342,2ª,Escola de Ensino Regular
COLEGIO DA POLICIA MILITAR TIRADENTES - UNIDADE AGRESTE,27051528,Arapiraca,2700300,RUA ROSALVO EDUARDO,BOM SUCESSO,-36.676187,-9.718502,5ª,Escola de Ensino Regular
COLEGIO TIRADENTES POLICIA MILITAR,27220044,Maceió,2704302,AV ROBERTO PONTES LIMA,TRAPICHE DA BARRA,-35.75456131,-9.672850699,1ª,Escola de Ensino Regular
E E PROFESSORA MARIA MARGARIDA SILVA PUGLIESI,27224759,São Luís do Quitunde,2708501,RUA COELHO CAVALCANTE,CENTRO,-35.56575141,-9.318262707,10ª,Escola de Ensino Regular
EE CIRIDIAO DURVAL,27033384,Porto de Pedras,2707404,RUA JOAO PESSOA,CENTRO,-35.29650806,-9.158993818,10ª,Escola de Ensino Regular
ESC EST DE ED BAS PEDRO JOAQUIM DE JESUS,27044211,Teotônio Vilela,2709152,RUA ZE PAIZINHO,JOAO JOSE PEREIRA,-36.34888149,-9.907758611,2ª,Escola de Ensino Regular
ESC EST DE EDUC BAS PROFo PEDRO DE FRANCA REIS,27016579,Arapiraca,2700300,RUA ANTONIO MARROQUIM,BAIXAO,-36.66892363,-9.747794886,5ª,Escola de Ensino Regular
ESC ESTADUAL PROF EDMILSON DE VASCONCELOS PONTES,27038734,Maceió,2704302,RUA CONEGO MACHADO,FAROL,-35.73829494,-9.654622202,1ª,Escola em tempo integral
ESCOLA EST PROFo SEBASTIAO FELISBERTO DE CARVALHO,27034003,Barra de Santo Antônio,2700508,AVENIDA CECILIA CANDIDA DA SILVA,ILHA DA CROA,-35.49987465,-9.403913222,10ª,Escola de Ensino Regular
ESCOLA ESTADUAL 13 DE OUTUBRO,27025535,Viçosa,2709400,RUA FREDERICO MAIA,CENTRO,-36.24594944,-9.372422168,4ª,Escola de Ensino Regular
ESCOLA ESTADUAL ADALBERTO MARROQUIM,27009459,Batalha,2700706,AVENIDA PAULO DANTAS,CENTRO,-37.12547418,-9.672792142,8ª,Escola de Ensino Regular
ESCOLA ESTADUAL ADRIANO JORGE,27016366,Arapiraca,2700300,AVENIDA RIO BRANCO,CENTRO,-36.66194202,-9.75350423,5ª,Escola de Ensino Regular
ESCOLA ESTADUAL ALBERTO TORRES,27036650,Maceió,2704302,RUA ANTENOR MARINHO DE MELO,GRUTA DE LOURDES,-35.75104864,-9.62718293,13ª,Escola de Ensino Regular
ESCOLA ESTADUAL ALFREDO GASPAR DE MENDONCA,27035646,Maceió,2704302,CONJUNTO EUSTAQUIO GOMES DE MELO,CIDADE UNIVERSITARIA,-35.78570318,-9.540093613,13ª,Escola de Ensino Regular
ESCOLA ESTADUAL ALFREDO REGO,27045129,Igreja Nova,2703205,PRACA PROFESSOR AGNELO MOREIRA,CENTRO,-36.65625346,-10.12859819,9ª,Escola de Ensino Regular
ESCOLA ESTADUAL ALMEIDA CAVALCANTI,27014959,Palmeira dos Índios,2706307,RUA DUQUE DE CAXIAS,CENTRO,-36.6290668,-9.407777578,3ª,Escola em tempo integral
ESCOLA ESTADUAL ALVARO PAES,27017702,Coité do Nóia,2702009,PRACA ALVARO PAES,CENTRO,-36.5807643,-9.632906253,5ª,Escola de Ensino Regular
ESCOLA ESTADUAL AMBROSIO LIRA,27033210,Passo de Camaragibe,2706505,RUA FERNANDES LIMA,CENTRO,-35.48927434,-9.241898826,10ª,Escola de Ensino Regular
ESCOLA ESTADUAL ANA LINS,27043622,São Miguel dos Campos,2708600,RUA SENADOR MAXIMO,CENTRO,-36.09926103,-9.779889114,2ª,Escola de Ensino Regular
ESCOLA ESTADUAL ANALIA TENORIO,27021467,Olho d'Água Grande,2705903,RUA DR EUCLIDES BOIA,CENTRO,-36.81336976,-10.05735457,9ª,Escola em tempo integral
ESCOLA ESTADUAL ANGELO DE ABREU,27011100,Olho d'Água das Flores,2705705,AVENIDA DOIS DE DEZEMBRO,CENTRO,-37.29513472,-9.531573409,6ª,Escola em tempo integral
ESCOLA ESTADUAL ANTONIA MACEDO,27013995,Palmeira dos Índios,2706307,AVENIDA CORONEL ANTONIO PANTALEAO,TENORIO CAVALCANTE,-36.62462547,-9.400759401,3ª,Escola de Ensino Regular
ESCOLA ESTADUAL ANTONIO VASCO,27035662,Maceió,2704302,PRACA JOSE EMIDIO DE CARVALHO,RIACHO DOCE,-35.6561694,-9.576070319,1ª,Escola de Ensino Regular
ESCOLA ESTADUAL AQUILINA BULHOES BARROS,27215024,Maceió,2704302,RUA HENRIQUE FRANCISCO BULHOES,BENEDITO BENTES,-35.71432209,-9.556490457,13ª,Escola de Ensino Regular
ESCOLA ESTADUAL ARISTHEU DE ANDRADE,27027597,Colônia Leopoldina,2702108,RUA 16 DE JULHO,CENTRO,-35.72594681,-8.910455949,7ª,Escola de Ensino Regular
ESCOLA ESTADUAL AURINO MACIEL,27016390,Arapiraca,2700300,RUA DOM FELICIO VASCONCELOS,CENTRO,-36.66328135,-9.744740128,5ª,Escola em tempo integral
ESCOLA ESTADUAL BATISTA ACIOLI,27032566,Maragogi,2704500,PRACA DR BATISTA ACIOLY,CENTRO,-35.22169103,-9.01269684,10ª,Escola de Ensino Regular
ESCOLA ESTADUAL BELARMINO VIEIRA BARROS,27013871,Minador do Negrão,2705309,AVENIDA BELARMINO VIEIRA BARROS,CENTRO,-36.86553776,-9.30678261,3ª,Escola em tempo integral
ESCOLA ESTADUAL BRAULIO CAVALCANTE,27006050,Pão de Açúcar,2706406,ALAMEDA DA ESPERANCA,CENTRO,-37.43076725,-9.748642034,8ª,Escola em tempo integral
ESCOLA ESTADUAL CAMPOS TEIXEIRA,27035697,Maceió,2704302,RUA CAMPOS TEIXEIRA,POCO,-35.71432209,-9.556490457,1ª,Escola de Ensino Regular
ESCOLA ESTADUAL CAPITAO ALVARO VICTOR,27038491,Maceió,2704302,PRACA TENENTE AVIADOR MOISES DA SILVA FILHO,VERGEL DO LAGO,-35.76043443,-9.652731844,1ª,Escola de Ensino Regular
ESCOLA ESTADUAL CARLOS LYRA,27023583,São José da Laje,2708303,RUA POETA JOAO PINHEIRO,CENTRO,-36.05815214,-9.011836588,7ª,Escola de Ensino Regular
ESCOLA ESTADUAL CELSO RODRIGUES REGO,27004376,Piranhas,2707107,AVENIDA RIO SAO FRANCISCO,VILA ALAGOAS,-37.7709688865069,-9.60584432561673,11ª,Escola em tempo integral
ESCOLA ESTADUAL CINCINATO PINTO,27038467,Maceió,2704302,RUA MANOEL MAIA NOBRE,FAROL,-35.7437531,-9.646666812,1ª,Escola em tempo integral
ESCOLA ESTADUAL COMENDADOR JOSE DA SILVA PEIXOTO,27045145,Penedo,2706703,RUA CASTRO ALVES,SANTA LUZIA,-36.56597141,-10.28417163,9ª,Escola em tempo integral
ESCOLA ESTADUAL CONEGO AMANDO GUSMAO,27034240,Coqueiro Seco,2702207,RUA VEREADOR RENILDO JOSE DOS SANTOS,CENTRO,-35.79201036,-9.636684181,12ª,Escola em tempo integral
ESCOLA ESTADUAL CONEGO JASSON SOUTO,27009904,Jacaré dos Homens,2703403,RUA FERNANDO ARAUJO SOUTO,CENTRO,-37.20688926,-9.634379567,8ª,Escola de Ensino Regular
ESCOLA ESTADUAL CONEGO JOSE BULHOES,27004740,Dois Riachos,2702504,RUA DELMIRO GOUVEIA,ALTO DA FE,-37.09451239,-9.386477128,6ª,Escola em tempo integral
ESCOLA ESTADUAL CONSTANCA DE GOES MONTEIRO,27010074,Major Isidoro,2704401,AVENIDA SARGENTO BENEVIDES MONTE,CENTRO,-36.98489842,-9.533800493,3ª,Escola em tempo integral
ESCOLA ESTADUAL CORONEL FRANCISCO ALVES MATA,27035700,Maceió,2704302,AV DURVAL DE GOES MONTEIRO - CIDADE MENORES,TABULEIRO DOS MARTINS,-35.75436706,-9.588225523,13ª,Escola de Ensino Regular
ESCOLA ESTADUAL CORREIA TITARA E ANEXOS,27045757,Piaçabuçu,2706802,AV CONS ULISSES GUEDES,CENTRO,-36.42872213,-10.40778699,9ª,Escola de Ensino Regular
ESCOLA ESTADUAL D ELISEU MARIA GOMES OLIVEIRA,27032280,Japaratinga,2703601,RUA MARIA DAS MERCES,CENTRO,-35.25839071,-9.090494948,10ª,Escola de Ensino Regular
ESCOLA ESTADUAL D PEDRO II,27038505,Maceió,2704302,AVENIDA FERNANDES LIMA,FAROL,-35.738423,-9.639734521,13ª,Escola em tempo integral
ESCOLA ESTADUAL D SANTA BULHOES,27046303,Porto Real do Colégio,2707503,PRACA ROSITA DE GOES MONTEIRO,CENTRO,-36.83927482,-10.18664244,9ª,Escola em tempo integral
ESCOLA ESTADUAL DA MACONARIA,27014096,Palmeira dos Índios,2706307,RUA LEOPOLDO DUARTE,CENTRO,-36.626871,-9.401288,3ª,Escola em tempo integral
ESCOLA ESTADUAL DE AREIA BRANCA,27007120,Santana do Ipanema,2708006,POVOADO AREIA BRANCA,ZONA RURAL,-37.14272031,-9.386961259,6ª,Escola de Ensino Regular
ESCOLA ESTADUAL DE CEGOS CYRO ACCIOLY,27036057,Maceió,2704302,RUA PEDRO MONTEIRO,CENTRO,-35.73861921,-9.66767728,1ª,Escola de Ensino Regular
ESCOLA ESTADUAL DE COITE DAS PINHAS,27012611,Igaci,2703106,POVOADO COITE DAS PINHAS,ZONA RURAL,-36.67359436,-9.5319388,3ª,Escola em tempo integral
ESCOLA ESTADUAL DE ED BASICA E PROFISSIONAL JOSE APRIGIO BRANDAO VILELA,27353036,Teotônio Vilela,2709152,AVENIDA DO FRONT,DEPUTADO BENEDITO DE LIRA,-36.34728949,-9.911146016,2ª,Escola em tempo integral
ESCOLA ESTADUAL DE EDUCACAO BASICA ARTUR RAMOS,27016382,Arapiraca,2700300,RUA COSTA CAVALCANTE,CAVACO,-36.67673222,-9.741379666,5ª,Escola de Ensino Regular
ESCOLA ESTADUAL DE EDUCACAO BASICA COSTA REGO,27016471,Arapiraca,2700300,RUA GOVERNADOR LUIZ CAVALCANTE,ALTO DO CRUZEIRO,-36.65431366,-9.748872004,5ª,Escola em tempo integral
ESCOLA ESTADUAL DE EDUCACAO BASICA DE PARICONHA,27002950,Pariconha,2706422,RUA MANOEL FRANCISCO DOS SANTOS,CENTRO,-38.00468292,-9.253681089,11ª,Escola de Ensino Regular
ESCOLA ESTADUAL DE EDUCACAO BASICA EDUCADOR PAULO JORGE DOS SANTOS RODRIGUES,27050041,Maceió,2704302,RUA VALTER JOSE FERRO LIMA FILHO,ANTARES,-35.74822904,-9.569664137,13ª,Escola de Ensino Regular
ESCOLA ESTADUAL DE EDUCACAO BASICA JOSE ENOQUE DE BARROS,27018997,Girau do Ponciano,2702900,DISTRITO DE CANAFISTULA DO CIPRIANO,ZONA RURAL,-36.79130326,-9.794238681,5ª,Escola de Ensino Regular
ESCOLA ESTADUAL DE EDUCACAO BASICA LIONS CLUB,27016480,Arapiraca,2700300,RUA JOSE TERTO,JARDIM TROPICAL,-36.64608256,-9.760145967,5ª,Escola em tempo integral
ESCOLA ESTADUAL DE EDUCACAO BASICA MANOEL LUCIO DA SILVA,27016420,Arapiraca,2700300,RUA MANOEL LUCIO DA SILVA,CACIMBAS,-36.66275058,-9.758291144,5ª,Escola de Ensino Regular
ESCOLA ESTADUAL DE EDUCACAO INTEGRAL MARIA LIEGE DE ALBUQUERQUE TAVARES,27054489,Junqueiro,2704005,AV JOAO JOSE PEREIRA,RETIRO,-36.46620793,-9.89196489,2ª,Escola em tempo integral
ESCOLA ESTADUAL DE EM INTEGRAL INTEGRADO A EDUC PROFISSIONAL PROFa IZAURA ANTONIA DE LISBOA,27226158,Arapiraca,2700300,RUA ANTONIO MARROQUIM,BAIXAO,-36.66956055,-9.747544168,5ª,Escola em tempo integral
ESCOLA ESTADUAL DE ENSINO MEDIO NEZINHO PEREIRA,27001750,Inhapi,2703304,PRACA DA MATRIZ,CENTRO,-37.7490541,-9.221839086,11ª,Escola de Ensino Regular
ESCOLA ESTADUAL DE JARAMATAIA,27009998,Jaramataia,2703700,AVENIDA PREFEITO OLAVO BARBOSA,CENTRO,-37.00124169,-9.659664112,8ª,Escola de Ensino Regular
ESCOLA ESTADUAL DE MONTEIROPOLIS,27010767,Monteirópolis,2705408,AVENIDA PRESIDENTE KUBITSCHEK,CENTRO,-37.24896376,-9.604748112,8ª,Escola de Ensino Regular
ESCOLA ESTADUAL DE RIACHO GRANDE,27008827,Senador Rui Palmeira,2708956,RUA MUNIZ FALCAO,CENTRO,-37.45547936,-9.464471371,6ª,Escola em tempo integral
ESCOLA ESTADUAL DE XINGO II- EEX-II,27004368,Piranhas,2707107,AVENIDA DELMIRO GOUVEIA,N S DA SAUDE,-37.75980406,-9.60770681,11ª,Escola em tempo integral
ESCOLA ESTADUAL DELMIRO GOUVEIA,27003469,Delmiro Gouveia,2702405,AVENIDA PRESIDENTE CASTELO BRANCO,CENTRO,-37.99882283,-9.383039192,11ª,Escola de Ensino Regular
ESCOLA ESTADUAL DELMO FERREIRA DA SILVA,27029336,Jundiá,2703908,RUA NOSSA SENHORA DA CONCEICAO,CENTRO,-35.56832414,-8.931885771,10ª,Escola de Ensino Regular
ESCOLA ESTADUAL DEMOCRITO GRACINDO,27002616,Mata Grande,2705002,RUA EUSTAQUIO MALTA,CENTRO,-37.72921853,-9.118122968,11ª,Escola de Ensino Regular
ESCOLA ESTADUAL DEODORO DA FONSECA,27039412,Marechal Deodoro,2704708,PRACA PEDRO PAULINO,CENTRO,-35.8940805,-9.716466648,1ª,Escola de Ensino Regular
ESCOLA ESTADUAL DEP GUILHERMINO DE OLIVEIRA,27216136,Maceió,2704302,RUA DOUTOR ABELARDO PONTES LIMA,GRUTA DE LOURDES,-35.73412406,-9.614435437,13ª,Escola de Ensino Regular
ESCOLA ESTADUAL DEPUTADO GILVAN BARROS,27220087,Girau do Ponciano,2702900,AL 115 KM02 RODOVIA DIVALDO SURUAGY,PROGRESSO,-36.82139867,-9.887190609,5ª,Escola em tempo integral
ESCOLA ESTADUAL DEPUTADO JOAO BELTRAO,27042251,Coruripe,2702306,AVENIDA ANFRISIO DE CASTRO LESSA SANTOS,COM TERCIO WANDERLEY,-36.17525618,-10.12706642,2ª,Escola em tempo integral
ESCOLA ESTADUAL DEPUTADO JOSE MEDEIROS,27015114,Paulo Jacinto,2706604,RUA DR MANOEL VASCONCELOS,CENTRO,-36.36681712,-9.363426969,4ª,Escola de Ensino Regular
ESCOLA ESTADUAL DEPUTADO NENOI PINTO,27035883,Maceió,2704302,RUA MUNIZ FALCAO,CLIMA BOM I,-35.78259806,-9.571797976,13ª,Escola de Ensino Regular
ESCOLA ESTADUAL DEPUTADO RUBENS CANUTO,27036448,Maceió,2704302,QUADRA 56,BENEDITO BENTES II,-35.72982031,-9.557564861,13ª,Escola de Ensino Regular
ESCOLA ESTADUAL DERALDO CAMPOS,27010090,Major Isidoro,2704401,RUA JOSE ROSENDO DA SILVA,ZONA RURAL,-37.12617019,-9.570925748,3ª,Escola em tempo integral
ESCOLA ESTADUAL DESEMBARGADOR AUGUSTO COSTA,27011577,Olivença,2706000,RUA PADRE CICERO,CENTRO,-37.19080288,-9.516418964,6ª,Escola em tempo integral
ESCOLA ESTADUAL DJALMA BARROS SIQUEIRA,27226239,Coruripe,2702306,RUA PERNAMBUCO NOVO,VASSOURAS,-36.17023397,-10.1289975,2ª,Escola de Ensino Regular
ESCOLA ESTADUAL DJANIRA SANTOS SILVA,27014002,Palmeira dos Índios,2706307,POVOADO SANTO ANTONIO,ZONA RURAL,-36.65229257,-9.465317191,3ª,Escola de Ensino Regular
ESCOLA ESTADUAL DO CABOCLO,27008177,São José da Tapera,2708402,POVOADO DO CABOCLO,,-37.521855,-9.533257,8ª,Escola de Ensino Regular
ESCOLA ESTADUAL DOM ADELMO MACHADO,27037428,Maceió,2704302,RUA DOM ADELMO MACHADO,VERGEL DO LAGO,-35.75759518,-9.659409432,1ª,Escola de Ensino Regular
ESCOLA ESTADUAL DOM CONSTANTINO LUERS,27041921,Campo Alegre,2701407,RUA ABRAAO MOURA,CENTRO,-36.35104516,-9.783276713,2ª,Escola de Ensino Regular
ESCOLA ESTADUAL DOM OTAVIO BARBOSA AGUIAR,27035875,Maceió,2704302,RUA A 20 QUADRA A20 CONJUNTO BENEDITO BENTES 1,BENEDITO BENTES,-35.71855894,-9.549841379,13ª,Escola de Ensino Regular
ESCOLA ESTADUAL DOMINGOS MOEDA,27000710,Água Branca,2700102,RUA CORONEL ULISSES LUNA,CENTRO,-37.93685166,-9.263857559,11ª,Escola de Ensino Regular
ESCOLA ESTADUAL DORGIVAL GONCALVES,27051676,Campo Alegre,2701407,AVENIDA DO SOL,NOVO HORIZONTE,-36.223278,-9.898622,2ª,Escola em tempo integral
ESCOLA ESTADUAL DR ALCIDES ANDRADE,27045234,Penedo,2706703,RODOVIA ENGENHEIRO JOAQUIM GONCALVES,DOM CONSTANTINO,-36.55027425,-10.28637836,9ª,Escola em tempo integral
ESCOLA ESTADUAL DR ANTONIO G DE BARROS,27030806,Novo Lino,2705606,AVENIDA ANTONIO CARLOS DA SILVA,CENTRO,-35.66141052,-8.941974405,12ª,Escola de Ensino Regular
ESCOLA ESTADUAL DR CARLOS GOMES DE BARROS,27024059,União dos Palmares,2709301,AV JOAO LYRA FILHO,ROBERTO CORREIA DE ARAUJO,-36.02366475,-9.165369439,7ª,Escola em tempo integral
ESCOLA ESTADUAL DR EDSON DOS SANTOS BERNARDES,27035573,Maceió,2704302,AV GOV THEOBALDO BARBOSA - CJ JOAQUIM LEAO,PONTA GROSSA,-35.7612001,-9.662318854,1ª,Escola de Ensino Regular
ESCOLA ESTADUAL DR EMILIO DE MAIA,27004490,Carneiros,2701803,RUA FLORIANO PEIXOTO,CENTRO,-37.37511971,-9.48510285,6ª,Escola em tempo integral
ESCOLA ESTADUAL DR FERNANDES LIMA,27035948,Maceió,2704302,RUA CEL SALUSTIANO SARMENTO - SITIO S JORGE,SAO JORGE,-35.71035708,-9.619059155,1ª,Escola de Ensino Regular
ESCOLA ESTADUAL DR FRANCISCO MELO,27220052,Maceió,2704302,CONJUNTO MOACIR ANDRADE,BENEDITO BENTES,-35.72185899,-9.567780382,13ª,Escola de Ensino Regular
ESCOLA ESTADUAL DR JORGE DE LIMA,27024873,União dos Palmares,2709301,RUA TAVARES BASTOS,CENTRO,-36.03048066,-9.157231216,7ª,Escola de Ensino Regular
ESCOLA ESTADUAL DR JOSE MARIA CORREIA DAS NEVES,27038297,Maceió,2704302,RUA AGNELO BARBOSA,PRADO,-35.74885957,-9.66585327,1ª,Escola de Ensino Regular
ESCOLA ESTADUAL DR JOSE MARIA DE MELO,27216667,Maceió,2704302,RUA BELO HORIZONTE,TABULEIRO DOS MARTINS,-35.73166396,-9.549725046,13ª,Escola de Ensino Regular
ESCOLA ESTADUAL DR JOSE TAVARES,27016404,Arapiraca,2700300,RUA FRANCISCO OTILIO DOS SANTOS,BAIXA GRANDE,-36.67410175,-9.734290563,5ª,Escola de Ensino Regular
ESCOLA ESTADUAL DR JULIO AUTO,27035930,Maceió,2704302,CONJUNTO JOAQUIM LEAO,VERGEL DO LAGO,-35.7611747,-9.662764399,1ª,Escola de Ensino Regular
ESCOLA ESTADUAL DR MIGUEL GUEDES NOGUEIRA,27038556,Maceió,2704302,RUA DR OSVALDO CRUZ,CHA DE BEBEDOURO,-35.7594752,-9.619619456,13ª,Escola de Ensino Regular
ESCOLA ESTADUAL DR PAULO DE CASTRO SARMENTO,27024067,União dos Palmares,2709301,RUA SENADOR RUI PALMEIRA,COHAB,-36.02484214,-9.157314912,7ª,Escola em tempo integral
ESCOLA ESTADUAL DR RODRIGUEZ DE MELO,27036553,Maceió,2704302,RUA JARDIM ESPERANCA,PONTA GROSSA,-35.75242413,-9.657432281,1ª,Escola em tempo integral
ESCOLA ESTADUAL DR SIDRONIO AUGUSTO DE SANTA MARIA,27040984,Santa Luzia do Norte,2707909,PCA DR JOSE LOBO FERREIRA,CENTRO,-35.82228784,-9.604222921,12ª,Escola em tempo integral
ESCOLA ESTADUAL DRa EUNICE DE LEMOS CAMPOS,27036561,Maceió,2704302,AV ARTHUR VALENTE JUCA,BENEDITO BENTES,-35.7170369,-9.543955503,13ª,Escola em tempo integral
ESCOLA ESTADUAL EGIDIO BARBOSA DA SILVA,27014010,Palmeira dos Índios,2706307,POVOADO LAGOA DO CALDEIRAO,ZONA RURAL,-36.65229257,-9.465317191,3ª,Escola em tempo integral
ESCOLA ESTADUAL ENGENHEIRO EDSON SALUSTIANO DOS SANTOS,27036588,Maceió,2704302,CONJUNTO MUTIRAO,JACINTINHO,-35.70890254,-9.634704373,1ª,Escola de Ensino Regular
ESCOLA ESTADUAL ESTADO DE NOVA JERSEY,27014088,Palmeira dos Índios,2706307,AVENIDA CONSELHEIRO SEBASTIAO LIMA,PARAISO,-36.62473742,-9.408441524,3ª,Escola em tempo integral
ESCOLA ESTADUAL FERNANDINA MALTA,27040240,Rio Largo,2707701,AV ALBERTO SANTOS DUMONT,CENTRO,-35.856031,-9.483335,12ª,Escola em tempo integral
ESCOLA ESTADUAL FIRMO DE CASTRO,27046311,Porto Real do Colégio,2707503,AV ADEMARIO VIEIRA DANTAS,CENTRO,-36.83521157,-10.18354202,9ª,Escola em tempo integral
ESCOLA ESTADUAL FLORIANO PEIXOTO,27026337,Atalaia,2700409,RUA MARECHAL DEODORO,CENTRO,-36.02276672,-9.503462541,4ª,Escola de Ensino Regular
ESCOLA ESTADUAL FRANCISCA ROSA DA COSTA,27003515,Delmiro Gouveia,2702405,RUA SARGENTO REGINALDO BANDEIRA,PALMEIRAO,-37.99884651,-9.388737248,11ª,Escola de Ensino Regular
ESCOLA ESTADUAL FRANCISCO DOMINGUES,27020274,Limoeiro de Anadia,2704203,RUA LUIZ GONZAGA RIBEIRO SILVA,ALTO DO CRUZEIRO,-36.50194962,-9.737989765,5ª,Escola de Ensino Regular
ESCOLA ESTADUAL FRANCISCO FALCAO,27033880,São Miguel dos Milagres,2708709,RUA VIGARIO BELO,CENTRO,-35.37311429,-9.266562481,10ª,Escola de Ensino Regular
ESCOLA ESTADUAL FRANCISCO LEAO,27040755,Rio Largo,2707701,CONJUNTO RESIDENCIAL BARNABE OITICICA,MATA DO ROLO,-35.85429215,-9.487253722,12ª,Escola em tempo integral
ESCOLA ESTADUAL GABINO BESOURO,27045250,Penedo,2706703,AV NILO PECANHA,CENTRO,-36.58388827,-10.28915782,9ª,Escola de Ensino Regular
ESCOLA ESTADUAL GENTIL DE ALBUQUERQUE MALTA,27002020,Mata Grande,2705002,RUA SINVAL DE ALBUQUERQUE MALTA,BONSUCESSO,-37.72425932,-9.115654985,11ª,Escola em tempo integral
ESCOLA ESTADUAL GERALDO MELO DOS SANTOS,27225968,Maceió,2704302,RUA 61,CIDADE UNIVERSITARIA,-35.74724914,-9.548998761,13ª,Escola em tempo integral
ESCOLA ESTADUAL GRACILIANO RAMOS,27014029,Palmeira dos Índios,2706307,AVENIDA 15 DE NOVEMBRO,SAO CRISTOVAO,-36.63434904,-9.412325201,3ª,Escola em tempo integral
ESCOLA ESTADUAL HERMILIO DE FREITAS MELRO,27045684,Penedo,2706703,AVENIDA WANDERLEY,SANTA LUZIA,-36.57326053,-10.28394235,9ª,Escola de Ensino Regular
ESCOLA ESTADUAL HUMBERTO MENDES,27013928,Palmeira dos Índios,2706307,AVENIDA MUNIZ FALCAO,SAO FRANCISCO,-36.62807056,-9.414456194,3ª,Escola em tempo integral
ESCOLA ESTADUAL INAURA CASADO COSTA,27026744,Cajueiro,2701308,AVENIDA 22 DE MAIO,CENTRO,-36.15310351,-9.397243792,4ª,Escola de Ensino Regular
ESCOLA ESTADUAL INDIGENA BALBINO FERREIRA,27226794,Palmeira dos Índios,2706307,ALDEIA SERRA DO AMARO,ZONA RURAL,-36.64985223,-9.376957471,3ª,Escola Indígena
ESCOLA ESTADUAL INDIGENA JOSE GOMES CELESTINO,27226336,Palmeira dos Índios,2706307,ALDEIA INDIGENA BOQUEIRAO,ZONA RURAL,-36.65283405,-9.395220186,3ª,Escola Indígena
ESCOLA ESTADUAL INDIGENA JUVINO HENRIQUE DA SILVA,27047776,Pariconha,2706422,RUA JUVINO HENRIQUE DA SILVA,ALTO DA BOA VISTA,-38.00776212,-9.26190586,11ª,Escola Indígena
ESCOLA ESTADUAL INDIGENA MATA DA CAFURNA,27013944,Palmeira dos Índios,2706307,ALDEIA MATA DA CAFURNA CAIXA POSTAL Nº 76,ZONA RURAL,-36.58658821,-9.397632045,3ª,Escola Indígena
ESCOLA ESTADUAL INDIGENA PAJE FRANCISCO QUEIROZ SUIRA,27046265,Porto Real do Colégio,2707503,ALDEIA INDIGENA KARIRI XOCO,ZONA RURAL,-36.82194633,-10.14083211,9ª,Escola Indígena
ESCOLA ESTADUAL INDIGENA PAJE MIGUEL SELESTINO DA SILVA,27014606,Palmeira dos Índios,2706307,ALDEIA FAZENDA CANTO,ZONA RURAL,-36.60192627,-9.390637901,3ª,Escola Indígena
ESCOLA ESTADUAL INDIGENA XUKURU KARIRI YAPI LEANAWAN,27046338,Palmeira dos Índios,2706307,ALDEIA COITE SERRA DO CANDARA,,-36.61112408,-9.387509031,3ª,Escola Indígena
ESCOLA ESTADUAL IZIDRO TEIXEIRA,27022277,Chã Preta,2701902,RUA PADRE DIMAS,CENTRO,-36.29765777,-9.256743987,4ª,Escola em tempo integral
ESCOLA ESTADUAL JARSEN COSTA,27036464,Maceió,2704302,CONJUNTO CLAUDIONOR SAMPAIO,JACINTINHO,-35.70766091,-9.635532416,1ª,Escola de Ensino Regular
ESCOLA ESTADUAL JOAO FRANCISCO SOARES,27003892,Olho d'Água do Casado,2705804,RUA JOAO FRANCISCO SOARES,CENTRO,-37.83156949,-9.500979199,11ª,Escola de Ensino Regular
ESCOLA ESTADUAL JOAO MORAIS CAVALCANTE,27040771,Rio Largo,2707701,CONJUNTO HABITACIONAL JOSE FERNANDES TORRES,CENTRO,-35.85425524,-9.482044748,12ª,Escola de Ensino Regular
ESCOLA ESTADUAL JOAO PAULO II,27035581,Maceió,2704302,RUA MANOEL INACIO,CHA DA JAQUEIRA,-35.74598736,-9.613475126,13ª,Escola de Ensino Regular
ESCOLA ESTADUAL JOAQUIM DIEGUES,27025080,Viçosa,2709400,RUA MOTA LIMA,CENTRO,-36.24023138,-9.370446206,4ª,Escola em tempo integral
ESCOLA ESTADUAL JORNALISTA FREITAS NETO,27036669,Maceió,2704302,RUA DR OSWALDO CRUZ,CHA DE BEBEDOURO,-35.76092526,-9.618807457,13ª,Escola de Ensino Regular
ESCOLA ESTADUAL JORNALISTA LAFAIETTE BELO,27035590,Maceió,2704302,RUA A-40,BENEDITO BENTES,-35.72735895,-9.54524953,13ª,Escola de Ensino Regular
ESCOLA ESTADUAL JORNALISTA RAUL LIMA,27039013,Maceió,2704302,RUA DA IGREJA,IPIOCA,-35.60768155,-9.528249495,1ª,Escola de Ensino Regular
ESCOLA ESTADUAL JOSE CORREIA DA SILVA TITARA,27036731,Marechal Deodoro,2704708,RUA DO ANTIGO CAJUEIRO,MASSAGUEIRA,-35.73972836,-9.640643607,1ª,Escola em tempo integral
ESCOLA ESTADUAL JOSE OLIVEIRA SILVA,27038521,Maceió,2704302,RUA JARDIM BOA ESPERANCA,VERGEL DO LAGO,-35.75357813,-9.655794548,1ª,Escola de Ensino Regular
ESCOLA ESTADUAL JOSE RIBEIRO CAMINHA,27029166,Campestre,2701357,RUA JOSE FERREIRA DE LIMA,CENTRO,-35.56721415,-8.852181308,10ª,Escola de Ensino Regular
ESCOLA ESTADUAL JOSE SOARES FILHO,27008479,São José da Tapera,2708402,AV ELISIO DA SILVA MAIA,CENTRO,-37.38060965,-9.562209662,8ª,Escola de Ensino Regular
ESCOLA ESTADUAL JOSE SOARES PINTO,27005984,Pão de Açúcar,2706406,AV MAESTRO MANOELITO BEZERRA LIMA,CENTRO,-37.431541,-9.749784,8ª,Escola de Ensino Regular
ESCOLA ESTADUAL JOSE VICTORINO DA ROCHA,27013979,Palmeira dos Índios,2706307,PRACA ANTONIO LEITE,CANAFISTULA,-36.71266892,-9.398564885,3ª,Escola em tempo integral
ESCOLA ESTADUAL JOSEFA CAVALCANTE SURUAGY,27041603,Boca da Mata,2701001,AVENIDA DOM PEDRO II,CENTRO,-36.20748101,-9.647824118,2ª,Escola em tempo integral
ESCOLA ESTADUAL JUVENAL LOPES F DE OMENA,27026370,Branquinha,2701100,RUA EURICO MIRANDA DA COSTA,CENTRO,-36.01704623,-9.246153035,7ª,Escola em tempo integral
ESCOLA ESTADUAL LIONS MACEIO PAJUCARA,27036758,Maceió,2704302,RUA DIEGUES JUNIOR - REGINALDO,POCO,-35.72899487,-9.656309532,1ª,Escola em tempo integral
ESCOLA ESTADUAL LUCILO JOSE RIBEIRO,27008452,São José da Tapera,2708402,AVENIDA DEPUTADO ELISIO DA SILVA MAIA,CENTRO,-37.38270436,-9.563025227,8ª,Escola em tempo integral
ESCOLA ESTADUAL LUIZ AUGUSTO DE AZEVEDO DE MENEZES,27003221,Delmiro Gouveia,2702405,RUA NASCIMENTO BANDEIRA,CENTRO,-38.00034141,-9.385573987,11ª,Escola em tempo integral
ESCOLA ESTADUAL LUIZ BASTOS,27001237,Canapi,2701605,AVENIDA JOAQUIM TETE,CENTRO,-37.60296931,-9.117633843,11ª,Escola de Ensino Regular
ESCOLA ESTADUAL LUIZ DUARTE,27012166,Estrela de Alagoas,2702553,RUA DOM EPAMINONDAS,CENTRO,-36.75755575,-9.389739029,3ª,Escola em tempo integral
ESCOLA ESTADUAL MAJ EDUARDO EMILIANO DA FONSECA,27038319,Maceió,2704302,RUA DR LUIZ DE BARROS,VERGEL DO LAGO,-35.75973207,-9.653295918,1ª,Escola de Ensino Regular
ESCOLA ESTADUAL MAJOR LUIZ CAVALCANTE,27028380,Jacuípe,2703502,CONJUNTO HABITACIONAL AMARO FELIX DA SILVA,CENTRO,-35.45450833,-8.841852295,10ª,Escola em tempo integral
ESCOLA ESTADUAL MANOEL ANDRE,27016412,Arapiraca,2700300,AV JOSE LUCIO DA SILVA,JARDIM ESPERANCA,-36.67743642,-9.728024965,5ª,Escola de Ensino Regular
ESCOLA ESTADUAL MANOEL DE ARAUJO DORIA,27216616,Maceió,2704302,CJ HENRIQUE EQUELMAN AV SENADOR TEOTONIO VILELA,ANTARES,-35.74218268,-9.565112149,13ª,Escola de Ensino Regular
ESCOLA ESTADUAL MANOEL DE MATOS,27023516,Santana do Mundaú,2708105,RESIDENCIAL SANTANA DO MUNDAU,JUSSARA,-36.2209852,-9.170350982,7ª,Escola de Ensino Regular
ESCOLA ESTADUAL MANOEL LEANDRO DE LIRA,27018350,Feira Grande,2702603,AVENIDA FREITAS CAVALCANTE,CENTRO,-36.67722043,-9.899897801,5ª,Escola de Ensino Regular
ESCOLA ESTADUAL MANOEL PASSOS LIMA,27014037,Palmeira dos Índios,2706307,RUA GENESIO MOREIRA,SAO FRANCISCO,-36.621703,-9.419114,3ª,Escola em tempo integral
ESCOLA ESTADUAL MANOEL PEREIRA FILHO,27005852,Palestina,2706208,RUA PEDRO FELIX DE MELO,CENTRO,-37.32995161,-9.672331753,8ª,Escola de Ensino Regular
ESCOLA ESTADUAL MANOEL SIMPLICIO DO NASCIMENTO,27036421,Maceió,2704302,R TEN CEL EXERC. BRAS. PEDRO JERONIMO DOS SANTOS,JACINTINHO,-35.72098031,-9.644256776,1ª,Escola de Ensino Regular
ESCOLA ESTADUAL MANUEL BALTAZAR PEREIRA DIEGUES JUNIOR,27053520,Maceió,2704302,QUADRA 7,CIDADE UNIVERSITARIA,-35.790764,-9.539744,13ª,Escola de Ensino Regular
ESCOLA ESTADUAL MARCELO RESENDE,27226948,Maceió,2704302,RUA LAERTE LEAO,SITIO SAO JORGE,-35.71002313,-9.622794048,1ª,Escola de Ensino Regular
ESCOLA ESTADUAL MARCOS ANTONIO CAVALCANTI SILVA,27216608,Maceió,2704302,AV ANTONIO LISBOA DE AMORIM,BENEDITO BENTES I,-35.72994865,-9.547800599,13ª,Escola em tempo integral
ESCOLA ESTADUAL MARIA AMALIA,27036723,Maceió,2704302,AVENIDA VALDEMAR RUFINO DOS SANTOS,FERNAO VELHO,-35.79778153,-9.586373366,13ª,Escola de Ensino Regular
ESCOLA ESTADUAL MARIA AMELIA SAMPAIO LUZ,27012638,Igaci,2703106,AVENIDA SERAPIAO SAMPAIO,CENTRO,-36.63261259,-9.537100678,3ª,Escola de Ensino Regular
ESCOLA ESTADUAL MARIA DE LOURDES SANTOS DA SILVA,27226131,Batalha,2700706,RUA PROJETADA,COHAB,-37.12875069,-9.666104098,8ª,Escola em tempo integral
ESCOLA ESTADUAL MARIA IVONE SANTOS DE OLIVEIRA,27235807,Maceió,2704302,RUA JOSE AUGUSTO LESSA,CIDADE UNIVERSITARIA,-35.78417567,-9.546454272,13ª,Escola em tempo integral
ESCOLA ESTADUAL MARIA RITA LYRA DE ALMEIDA,27220036,Maceió,2704302,AVENIDA SIQUEIRA CAMPOS,TRAPICHE DA BARRA,-35.76550769,-9.671492316,1ª,Escola em tempo integral
ESCOLA ESTADUAL MARIA ROSALIA AMBROZZIO,27038696,Maceió,2704302,AVENIDA FERNANDES LIMA,FAROL,-35.74120234,-9.640629791,13ª,Escola em tempo integral
ESCOLA ESTADUAL MARIA SALETE GUSMAO DE ARAUJO,27225674,Maceió,2704302,RUA EM PROJETO CJ OSMAM LOUREIRO,CLIMA BOM I,-35.78030503,-9.577222763,13ª,Escola em tempo integral
ESCOLA ESTADUAL MARIO GOMES DE BARROS,27029123,Joaquim Gomes,2703809,RUA PROFESSORA CICERA SANTOS MARINHO,CENTRO,-35.75324935,-9.136560717,12ª,Escola de Ensino Regular
ESCOLA ESTADUAL MARQUES DA SILVA,27011844,Belém,2700805,RUA DO COMERCIO,CENTRO,-36.49434265,-9.572996588,3ª,Escola de Ensino Regular
ESCOLA ESTADUAL MESSIAS DE GUSMAO,27032159,São Luís do Quitunde,2708501,RUA DR FERNANDO SARMENTO,CENTRO,-35.560798,-9.318861,10ª,Escola de Ensino Regular
ESCOLA ESTADUAL MISAEL GONCALVES FERREIRA,27034070,Barra de São Miguel,2700607,RUA GOVERNADOR DIVALDO SURUAGY,CENTRO,-35.90331384,-9.844639848,2ª,Escola em tempo integral
ESCOLA ESTADUAL MONSENHOR CLOVIS DUARTE DE BARROS,27024016,União dos Palmares,2709301,RUA JARDIM BRASILIA,CENTRO,-36.03226035,-9.155101862,7ª,Escola de Ensino Regular
ESCOLA ESTADUAL MONSENHOR LUIS CARLOS DE OLIVEIRA BARBOSA,27022838,Ibateguara,2703007,RUA DOUTOR OSCAR GORDILHO,CENTRO,-35.93365034,-8.974559347,7ª,Escola de Ensino Regular
ESCOLA ESTADUAL MONSENHOR MACEDO,27015068,Palmeira dos Índios,2706307,AVENIDA 15 DE NOVEMBRO,SAO CRISTOVAO,-36.63638989,-9.416578298,3ª,Escola de Ensino Regular
ESCOLA ESTADUAL MONSENHOR MACHADO,27025519,Viçosa,2709400,RUA JOAO PESSOA,COHAB,-36.24642936,-9.379855576,4ª,Escola em tempo integral
ESCOLA ESTADUAL MONSENHOR RIBEIRO VIEIRA,27014932,Palmeira dos Índios,2706307,PRACA MANOEL PEREIRA DA SILVA,PALMEIRA DE FORA,-36.65853539,-9.402479384,3ª,Escola em tempo integral
ESCOLA ESTADUAL MONSENHOR SEBASTIAO ALVES BEZERRA,27000095,Água Branca,2700102,RUA JOAO PAULO II,CENTRO,-37.93765352,-9.26572447,11ª,Escola em tempo integral
ESCOLA ESTADUAL MOREIRA E SILVA,27036782,Maceió,2704302,AVENIDA FERNANDES LIMA,FAROL,-35.73896611,-9.641450923,13ª,Escola em tempo integral
ESCOLA ESTADUAL MUNIZ FALCAO,27012115,Cacimbinhas,2701209,AVENIDA CORONEL CLARINDO AMORIM,CENTRO,-36.98806836,-9.40123455,3ª,Escola de Ensino Regular
ESCOLA ESTADUAL N SRA DA CONCEICAO,27018016,Craíbas,2702355,RUA TERCILIA MAURICIO DA ROCHA,CENTRO,-36.762975,-9.611831538,5ª,Escola de Ensino Regular
ESCOLA ESTADUAL N SRA DA CONCEICAO,27019608,Lagoa da Canoa,2704104,RUA LUIZ EVANGELISTA,VILA STA IZABEL,-36.762975,-9.611831538,5ª,Escola de Ensino Regular
ESCOLA ESTADUAL NOEL NUTELS,27036790,Maceió,2704302,RUA JARBAS DE ANDRADE CABRAL,JACINTINHO,-35.71170956,-9.636917664,1ª,Escola de Ensino Regular
ESCOLA ESTADUAL NOSSA SENHORA DA APRESENTACAO,27031063,Porto Calvo,2707305,RUA DO VARADOURO,CENTRO,-35.392346,-9.060017,10ª,Escola em tempo integral
ESCOLA ESTADUAL NOSSA SRa DO BOM CONSELHO,27034917,Maceió,2704302,LADEIRA PROFESSOR BENEDITO SILVA,CHA DE BEBEDOURO,-35.75112991,-9.628347444,13ª,Escola em tempo integral
ESCOLA ESTADUAL ODETE BONFIM,27013405,Maribondo,2704807,RUA ESTUDANTE ERICO MENTASTI,CENTRO,-36.30730509,-9.577497669,3ª,Escola em tempo integral
ESCOLA ESTADUAL OLIMPIA TENORIO LIMA,27018962,Girau do Ponciano,2702900,PRACA PRESIDENTE KENNEDY,CENTRO,-36.83057295,-9.883483145,5ª,Escola de Ensino Regular
ESCOLA ESTADUAL OLIVEIRA E SILVA,27039960,Pilar,2706901,PRACA ANA GENILDA COSTA BARROS,CENTRO,-35.952812,-9.608035,12ª,Escola em tempo integral
ESCOLA ESTADUAL ONELIA CAMPELO,27035786,Maceió,2704302,RUA SANTA TEREZINHA,SANTOS DUMONT,-35.78509188,-9.558479018,13ª,Escola de Ensino Regular
ESCOLA ESTADUAL ORMINDO BARROS,27007960,Santana do Ipanema,2708006,RUA SIQUEIRA CAMPOS,CAMOXINGA,-37.24758616,-9.370141284,6ª,Escola de Ensino Regular
ESCOLA ESTADUAL OTACILIA JATOBA TORRES,27012620,Igaci,2703106,SITIO COLONIA AGRICOLA,ZONA RURAL,-36.63251027,-9.548125074,3ª,Escola de Ensino Regular
ESCOLA ESTADUAL OTACILIO HOLANDA DE ANDRADE,27036014,Maceió,2704302,RUA SAO LUIZ,PETROPOLIS,-35.74670483,-9.609134682,1ª,Escola de Ensino Regular
ESCOLA ESTADUAL OVIDIO EDGAR DE ALBUQUERQUE,27038483,Maceió,2704302,RUA JOSE LOBO DE MEDEIROS,TABULEIRO DOS MARTINS,-35.77377495,-9.576468968,13ª,Escola em tempo integral
ESCOLA ESTADUAL OZORIA DE MOURA LIMA,27040836,Rio Largo,2707701,RUA ANTONIO ELIAS CALHEIROS,LOURENCO DE ALBUQUERQUE,-35.8588421,-9.477889223,12ª,Escola de Ensino Regular
ESCOLA ESTADUAL PADRE ANTONIO DUARTE,27011178,Olho d'Água das Flores,2705705,AVENIDA DOIS DE DEZEMBRO,CENTRO,-37.2953693,-9.530592069,6ª,Escola em tempo integral
ESCOLA ESTADUAL PADRE AURELIO GOIS,27043436,Junqueiro,2704005,RUA PADRE ANTONIO PROCOPIO,CENTRO,-36.47522908,-9.928116521,2ª,Escola de Ensino Regular
ESCOLA ESTADUAL PADRE CABRAL,27036677,Maceió,2704302,PRACA EDUARDO SANTOS,FERNAO VELHO,-35.78260487,-9.590286148,13ª,Escola de Ensino Regular
ESCOLA ESTADUAL PADRE FRANCISCO CORREIA,27007987,Santana do Ipanema,2708006,AVENIDA DR. ARSENIO MOREIRA,MONUMENTO,-37.24156287,-9.371863477,6ª,Escola em tempo integral
ESCOLA ESTADUAL PADRE TEOFANES AUGUSTO DE ARAUJO BARROS,27226468,São José da Laje,2708303,RUA ANTONIO MATEUS CORREIA,JURITI,-36.06350167,-9.008234675,7ª,Escola em tempo integral
ESCOLA ESTADUAL PASTOR JOSE TAVARES DE SOUZA,27036480,Maceió,2704302,AVENIDA ARTHUR VALENTE JUCA,BENEDITO BENTES,-35.72163376,-9.539549309,13ª,Escola de Ensino Regular
ESCOLA ESTADUAL PE JEFFERSON DE CARVALHO,27016528,Arapiraca,2700300,AVENIDA ANTONIO BARBOSA,GUARIBAS,-36.65071921,-9.773948717,5ª,Escola de Ensino Regular
ESCOLA ESTADUAL PEDRO NEPOMUCENO DOS SANTOS,27054438,Delmiro Gouveia,2702405,RUA PROJETADA,BARRAGEM LESTE,-38.19210135,-9.371206885,11ª,Escola em tempo integral
ESCOLA ESTADUAL PRINCESA ISABEL,27036960,Maceió,2704302,AVENIDA FERNANDES LIMA,FAROL,-35.7393337,-9.639361944,13ª,Escola em tempo integral
ESCOLA ESTADUAL PROF ALOISIO ERNANDE BRANDAO,27007456,Santana do Ipanema,2708006,RUA PROFESSOR ALOISIO ERNANDE BRANDAO,CAMOXINGA,-37.24491046,-9.366924911,6ª,Escola em tempo integral
ESCOLA ESTADUAL PROF ANISIO TEIXEIRA,27038572,Maceió,2704302,RUA EDGAR DE GOES MONTEIRO,PRADO,-35.75028729,-9.671324775,1ª,Escola de Ensino Regular
ESCOLA ESTADUAL PROF EDUARDO ALMEIDA DA SILVA,27036707,Maceió,2704302,RUA SAO PEDRO,GARCA TORTA,-35.66307581,-9.585655981,1ª,Escola de Ensino Regular
ESCOLA ESTADUAL PROF EDUARDO DA MOTA TRIGUEIROS,27036642,Maceió,2704302,RUA CORONEL ADAUTO BARBOSA - CJ STº EDUARDO,JATIUCA,-35.71427882,-9.656179966,1ª,Escola em tempo integral
ESCOLA ESTADUAL PROF JOAO VALERIANO DE OLIVEIRA,27045200,Penedo,2706703,RUA JOAO RAMALHO,SANTA LUZIA,-36.562141,-10.27485138,9ª,Escola de Ensino Regular
ESCOLA ESTADUAL PROF JOSE DA SILVEIRA CAMERINO,27036987,Maceió,2704302,AVENIDA FERNANDES LIMA,FAROL,-35.73710533,-9.638936707,13ª,Escola em tempo integral
ESCOLA ESTADUAL PROF JOSE FELIX DE CARVALHO ALVES,27020320,São Sebastião,2708808,RUA PEDRO VIEIRA DE BARROS,CENTRO,-36.55402718,-9.935182958,5ª,Escola de Ensino Regular
ESCOLA ESTADUAL PROF JOSE SENA DIAS,27003973,Piranhas,2707107,RUA DOM PEDRO II,CENTRO,-37.67223771,-9.481830079,11ª,Escola em tempo integral
ESCOLA ESTADUAL PROF PEDRO TEIXEIRA DE VASCONCELOS,27037010,Maceió,2704302,RUA PAU DARCO,FEITOSA,-35.7279268,-9.644524295,1ª,Escola em tempo integral
ESCOLA ESTADUAL PROF SEBASTIAO DA HORA,27038599,Maceió,2704302,RUA MARTINS MURTA,PITANGUINHA,-35.73174462,-9.638680395,13ª,Escola de Ensino Regular
ESCOLA ESTADUAL PROF VIRGINIO DE CAMPOS,27037045,Maceió,2704302,RUA FIRMINO VASCONCELOS,PONTA DA TERRA,-35.71058874,-9.661882715,1ª,Escola em tempo integral
ESCOLA ESTADUAL PROFA BENEDITA MARIA RUFINO DE CHAGAS COELHO,27051633,Murici,2705507,CONJ RESIDENCIAL OLAVO CALHEIROS,URBANO,-35.93356674,-9.319638918,7ª,Escola em tempo integral
ESCOLA ESTADUAL PROFA ELZA SOARES CAVALCANTE,27226808,Quebrangulo,2707602,RUA PREFEITO JOAO HONORIO DE CARVALHO,CENTRO,-36.48202358,-9.314420493,3ª,Escola em tempo integral
ESCOLA ESTADUAL PROFESSOR AFRANIO LAGES,27034887,Maceió,2704302,AVENIDA FERNANDES LIMA,FAROL,-35.74103666,-9.641704952,13ª,Escola em tempo integral
ESCOLA ESTADUAL PROFESSOR ARTHUR RAMOS,27039595,Pilar,2706901,RUA ANTONIO SERAFIM COSTA,CHA DO PILAR,-35.95543057,-9.598040056,12ª,Escola de Ensino Regular
ESCOLA ESTADUAL PROFESSOR ATANAGILDO BRANDAO,27005224,Maravilha,2704609,RUA SAGRADA FAMILIA,CENTRO,-37.35132528,-9.232680271,6ª,Escola em tempo integral
ESCOLA ESTADUAL PROFESSOR ERNANI MERO,27045552,Penedo,2706703,PRACA LARGO DE FATIMA,SANTA LUZIA,-36.56683955,-10.28359755,9ª,Escola em tempo integral
ESCOLA ESTADUAL PROFESSOR GUEDES DE MIRANDA,27031365,Porto Calvo,2707305,RUA DR MIGUEL DE OMENA,CENTRO,-35.39761417,-9.057653626,10ª,Escola de Ensino Regular
ESCOLA ESTADUAL PROFESSOR JOSE QUINTELLA CAVALCANTI,27016510,Arapiraca,2700300,AVENIDA VENTURA DE FARIAS,ELDORADO,-36.6685116,-9.746753923,5ª,Escola de Ensino Regular
ESCOLA ESTADUAL PROFESSOR JOSE REMI LIMA,27037258,Maceió,2704302,RUA SAO JOSE SN,CLIMA BOM,-35.78617794,-9.567493718,13ª,Escola de Ensino Regular
ESCOLA ESTADUAL PROFESSOR JOSE VITORINO DA ROCHA,27036995,Maceió,2704302,RUA ANTONIO PROCOPIO,PINHEIRO,-35.74031938,-9.640171367,13ª,Escola em tempo integral
ESCOLA ESTADUAL PROFESSOR LIBERALINO BONFIM DE OLIVEIRA,27253007,Maceió,2704302,RUA VEREADOR HERMINIO CARDOSO,RIO NOVO,-35.80776416,-9.577665349,13ª,Escola de Ensino Regular
ESCOLA ESTADUAL PROFESSOR LIMA CASTRO,27226328,Coruripe,2702306,RUA WASHINGTON LUIZ,COLONIA PINDORAMA,-36.33001584,-10.14695071,2ª,Escola em tempo integral
ESCOLA ESTADUAL PROFESSOR LOUREIRO,27030245,Murici,2705507,CONJUNTO RESIDENCIAL PEDRO TENORIO RAPOSO,URBANO,-35.94140692,-9.315993461,7ª,Escola em tempo integral
ESCOLA ESTADUAL PROFESSOR LUIZ CARLOS,27035336,Maceió,2704302,RUA CORONEL ADAUTO GOMES BARBOSA,TRAPICHE DA BARRA,-35.75800005,-9.676198436,1ª,Escola de Ensino Regular
ESCOLA ESTADUAL PROFESSOR MARIO BROAD,27038580,Maceió,2704302,AV DR JULIO MARQUES LUZ,JATIUCA,-35.71680059,-9.653084614,1ª,Escola de Ensino Regular
ESCOLA ESTADUAL PROFESSOR PEDRO REYS,27044866,Igreja Nova,2703205,AVENIDA 16 DE MAIO,CENTRO,-36.65284488,-10.12973909,9ª,Escola em tempo integral
ESCOLA ESTADUAL PROFESSOR ROSALVO LOBO,27036685,Maceió,2704302,RUA ERNESTO GOMES MARANHAO,JATIUCA,-35.71260775,-9.652597764,1ª,Escola em tempo integral
ESCOLA ESTADUAL PROFESSOR SILVERIO LINS,27013502,Mar Vermelho,2704906,PRACA CRISTO REDENTOR,CENTRO,-36.38701128,-9.448822168,4ª,Escola de Ensino Regular
ESCOLA ESTADUAL PROFESSOR THEONILO GAMA,27037037,Maceió,2704302,RUA BOMFIM,JACINTINHO,-35.71941167,-9.647297793,1ª,Escola em tempo integral
ESCOLA ESTADUAL PROFESSOR THEOTONIO VILELA BRANDAO,27034836,Maceió,2704302,RUA CORONEL ADAUTO GOMES BARBOSA,POCO,-35.71307235,-9.656113872,1ª,Escola em tempo integral
ESCOLA ESTADUAL PROFESSORA ADEILZA Ma OLIVEIRA,27035824,Maceió,2704302,RUA DO CAMPO,CHA DA JAQUEIRA,-35.74956599,-9.61630184,13ª,Escola de Ensino Regular
ESCOLA ESTADUAL PROFESSORA ANA COELHO PALMEIRA,27036430,Maceió,2704302,RUA ARTHUR BENIGNO LISBOA FERRAZ,JACARECICA,-35.68974981,-9.613443367,1ª,Escola de Ensino Regular
ESCOLA ESTADUAL PROFESSORA ANAIAS DE LIMA ANDRADE,27225682,Maceió,2704302,RUA NOVO HORIZONTE,VERGEL DO LAGO,-35.76200115,-9.653452921,1ª,Escola de Ensino Regular
ESCOLA ESTADUAL PROFESSORA EDITE MACHADO,27027082,Capela,2701704,RUA MANOEL HIPOLITO,CENTRO,-36.07818293,-9.409743656,4ª,Escola em tempo integral
ESCOLA ESTADUAL PROFESSORA EDLEUZA OLIVEIRA DA SILVA,27051617,São Miguel dos Campos,2708600,CONJ HELIO JATOBA III,BAIRRO DE FATIMA,-36.10195084,-9.802935725,2ª,Escola em tempo integral
ESCOLA ESTADUAL PROFESSORA EROTILDES R SALDANHA,27037150,Maceió,2704302,AVENIDA GOVERNADOR LAMENHA FILHO,FEITOSA,-35.72417469,-9.627552869,1ª,Escola de Ensino Regular
ESCOLA ESTADUAL PROFESSORA IRENE GARRIDO,27036022,Maceió,2704302,RUA HAMILTON MORAIS,TABULEIRO DO MARTINS,-35.75130518,-9.567287692,13ª,Escola de Ensino Regular
ESCOLA ESTADUAL PROFESSORA JOANITA DE MELO,27005577,Ouro Branco,2706109,AVENIDA NOE SEQUEIRA,LUIZ GONZAGA DE CARVALHO,-37.36056037,-9.155932554,6ª,Escola em tempo integral
ESCOLA ESTADUAL PROFESSORA JUDITH NASCIMENTO DA SILVA,27030105,Messias,2705200,AV JOVINO JOVENTINO DA SILVA,CONJ ANTONIO R CALHEIROS,-35.83629016,-9.38125697,12ª,Escola de Ensino Regular
ESCOLA ESTADUAL PROFESSORA JULIETA RAMOS PEREIRA,27039560,Paripueira,2706448,RUA ANTONIO REINALDO,CENTRO,-35.54842957,-9.465971933,1ª,Escola de Ensino Regular
ESCOLA ESTADUAL PROFESSORA LAURA DANTAS SANTOS DA SILVA,27034674,Maceió,2704302,AV FERNANDES LIMA,FAROL,-35.73978242,-9.642439398,13ª,Escola em tempo integral
ESCOLA ESTADUAL PROFESSORA LAURA MARIA CHAGAS DE ASSIS,27225259,Santana do Ipanema,2708006,RUA GILMAR PEREIRA DE QUEIROZ,CAMOXINGA,-37.24415339,-9.367314511,6ª,Escola em tempo integral
ESCOLA ESTADUAL PROFESSORA MARGAREZ MARIA SANTOS LACET,27037053,Maceió,2704302,AV GENERAL WALFRIDO JERONIMO DA ROCHA,TABULEIRO DOS MARTINS,-35.77393422,-9.583543284,1ª,Escola de Ensino Regular
ESCOLA ESTADUAL PROFESSORA MARIA ANTONIA DE OLIVEIRA SANTOS,27225755,Matriz de Camaragibe,2705101,AV ANTONIO MANOEL DOS SANTOS,CENTRO,-35.52941767,-9.152863964,10ª,Escola em tempo integral
ESCOLA ESTADUAL PROFESSORA MIRAN MARROQUIM DE QUINTELLA CAVALCANTE,27035980,Maceió,2704302,RUA DA LIBERDADE,JACINTINHO,-35.72265793,-9.633568019,1ª,Escola de Ensino Regular
ESCOLA ESTADUAL PROFESSORA ROSALVA PEREIRA VIANA,27224791,Maceió,2704302,LOT POR DO SOL QUADRA D SANTA LUCIA,SANTA LUCIA,-35.75071085,-9.571022006,13ª,Escola de Ensino Regular
ESCOLA ESTADUAL PROFa ANA MARIA TEODOSIO,27006590,Poço das Trincheiras,2707206,RUA CENTRAL,ZONA RURAL,-37.22144139,-9.233374816,6ª,Escola em tempo integral
ESCOLA ESTADUAL PROFa AURELINA PALMEIRA DE MELO,27038564,Maceió,2704302,PRACA PADRE CICERO ROMAO BATISTA,VERGEL DO LAGO,-35.7581448,-9.658614976,1ª,Escola de Ensino Regular
ESCOLA ESTADUAL PROFa BENEDITA DE CASTRO LIMA,27226271,Maceió,2704302,R SANTA RITA -CLIMA BOM II,CLIMA BOM,-35.78571336,-9.569858182,13ª,Escola em tempo integral
ESCOLA ESTADUAL PROFa CLAUDIZETE LIMA ELEUTERIO,27226174,Rio Largo,2707701,CONJ GURIATA - MARIO MAFRA B NOVO,TABULEIRO DO PINTO,-35.80516739,-9.533860824,12ª,Escola de Ensino Regular
ESCOLA ESTADUAL PROFa DORALICE DA SILVA MOURA,27040607,Rio Largo,2707701,LOTEAMENTO SANTA MARIA,MATA DO ROLO,-35.82238915,-9.477517826,12ª,Escola de Ensino Regular
ESCOLA ESTADUAL PROFa GILVANA ATAIDE CAVALCANTE CABRAL,27226930,Maceió,2704302,RUA ELINELMA DE OLIVEIRA SANTOS,TABULEIRO DOS MARTINS,-35.74961946,-9.577377039,13ª,Escola em tempo integral
ESCOLA ESTADUAL PROFa GUIOMAR DE ALMEIDA PEIXOTO,27035840,Maceió,2704302,RUA SANTO ANTONIO,PONTA GROSSA,-35.75146101,-9.65981769,1ª,Escola em tempo integral
ESCOLA ESTADUAL PROFa JOSEFA CONCEICAO DA COSTA,27037142,Maceió,2704302,RUA PAO DE ACUCAR,CANAA,-35.73738581,-9.604879294,13ª,Escola de Ensino Regular
ESCOLA ESTADUAL PROFa JOSEFA DE SOUZA LIMA,27007057,Poço das Trincheiras,2707206,RUA SAO JOSE,CENTRO,-37.28609554,-9.306918493,6ª,Escola de Ensino Regular
ESCOLA ESTADUAL PROFa LENITA FONTES CINTRA,27010503,Major Isidoro,2704401,RUA DO COMERCIO,ZONA RURAL,-36.99159246,-9.561635703,3ª,Escola de Ensino Regular
ESCOLA ESTADUAL PROFa MALBA LINS COSTA,27035778,Maceió,2704302,TRAVESSA BOA ESPERANCA,NOVO MUNDO,-35.72737362,-9.619752951,1ª,Escola de Ensino Regular
ESCOLA ESTADUAL PROFa MARIA CANDIDA DA SILVA,27023087,Pindoba,2707008,RUA DA AREIA,CENTRO,-36.28660664,-9.475617246,4ª,Escola em tempo integral
ESCOLA ESTADUAL PROFa MARIA DAS GRACAS DE SA TEIXEIRA,27225569,Maceió,2704302,AV GOV LAMENHA FILHO,FEITOSA,-35.72517327,-9.633780446,1ª,Escola de Ensino Regular
ESCOLA ESTADUAL PROFa MARIA JOSE LOUREIRO,27037061,Maceió,2704302,AVENIDA FERNANDES LIMA,FAROL,-35.73601347,-9.640057816,13ª,Escola em tempo integral
ESCOLA ESTADUAL PROFa MARIA LUCIA LINS DE FREITAS,27230040,Maceió,2704302,RUA 26 GRACILLIANO RAMOS,CIDADE UNIVERSITARIA,-35.74864659,-9.546204888,13ª,Escola de Ensino Regular
ESCOLA ESTADUAL PROFa Ma AVELINA DO CARMO,27022200,Traipu,2709202,RUA ISAAC PEREIRA NETTO,CENTRO,-37.00334557,-9.966892544,5ª,Escola de Ensino Regular
ESCOLA ESTADUAL PROFo BENEDITO MORAES,27034852,Maceió,2704302,RUA DR ZEFERINO RODRIGUES,PAJUCARA,-35.71920758,-9.664702689,1ª,Escola em tempo integral
ESCOLA ESTADUAL PROFo CARLOS POVINA CAVALCANTE,27039005,Maceió,2704302,RUA SANTA LUZIA,PESCARIA,-35.62140373,-9.538499688,1ª,Escola de Ensino Regular
ESCOLA ESTADUAL PROFo JOSE MOACIR TEOFILO,27016447,Arapiraca,2700300,RUA ANTONIO FELICIANO,CANAFISTULA,-36.63462719,-9.761677101,5ª,Escola em tempo integral
ESCOLA ESTADUAL PROFo MANOEL GENTIL DO VALE BENTES,27041158,Satuba,2708907,RUA 17 DE AGOSTO,CENTRO,-35.82341765,-9.572151901,12ª,Escola de Ensino Regular
ESCOLA ESTADUAL PROFo MILENO FERREIRA DA SILVA,27007090,Santana do Ipanema,2708006,RUA GILMAR PEREIRA QUEIROZ,CAMOXINGA,-37.24374237,-9.366604871,6ª,Escola em tempo integral
ESCOLA ESTADUAL ROCHA CAVALCANTI,27025047,União dos Palmares,2709301,RUA CORREIA DE OLIVEIRA,CENTRO,-36.03383459,-9.160061394,7ª,Escola de Ensino Regular
ESCOLA ESTADUAL ROMEU DE AVELAR,27037088,Maceió,2704302,RUA ROMEU DE AVELAR,TABULEIRO NOVO,-35.76810524,-9.570708528,13ª,Escola em tempo integral
ESCOLA ESTADUAL ROSA DE CASTRO FONSECA,27015920,Tanque d'Arca,2709004,AV JOAO ANTONIO DA SILVA,CENTRO,-36.43390143,-9.534415647,3ª,Escola em tempo integral
ESCOLA ESTADUAL ROSA MARIA PAULINO DA FONSECA,27354024,Marechal Deodoro,2704708,AVENIDA SAO JOSE,POEIRA,-35.89284587,-9.741614899,1ª,Escola em tempo integral
ESCOLA ESTADUAL ROSALIA SAMPAIO BEZERRA,27006069,Pão de Açúcar,2706406,AV JOSE DE FREITAS MACHADO,CENTRO,-37.43472174,-9.746608423,8ª,Escola de Ensino Regular
ESCOLA ESTADUAL ROSALVO RIBEIRO,27038629,Rio Largo,2707701,CONJUNTO RESIDENCIAL JARBAS OITICICA,MATA DO ROLO,-35.7490787,-9.62683251,12ª,Escola em tempo integral
ESCOLA ESTADUAL ROTARY,27007448,Santana do Ipanema,2708006,RUA COMPOSITOR JOSE CANDIDO,DOMINGOS ACACIO,-37.24793625,-9.374000099,6ª,Escola de Ensino Regular
ESCOLA ESTADUAL ROTARY,27016455,Arapiraca,2700300,RUA TEODORICO COSTA,CENTRO,-37.24793625,-9.374000099,6ª,Escola de Ensino Regular
ESCOLA ESTADUAL ROTARY,27037118,Maceió,2704302,AVENIDA DURVAL DE GOES MONTEIRO,TABULEIRO DO MARTINS,-37.24793625,-9.374000099,6ª,Escola de Ensino Regular
ESCOLA ESTADUAL RUBENS NUNES DE OLIVEIRA,27001407,Inhapi,2703304,AV ESTUDANTE RUBENS N OLIVEIRA,CENTRO,-37.74817946,-9.219928228,11ª,Escola em tempo integral
ESCOLA ESTADUAL RUI BARBOSA,27041212,Anadia,2700201,PRACA DR. CAMPELO DE ALMEIDA,CENTRO,-36.30384947,-9.681821274,2ª,Escola de Ensino Regular
ESCOLA ESTADUAL SAMPAIO DORIA,27009742,Belo Monte,2700904,RUA BOA VISTA,CENTRO,-37.28027959,-9.828584576,8ª,Escola de Ensino Regular
ESCOLA ESTADUAL SAMPAIO MARQUES,27021483,São Brás,2708204,PRACA RUI BARBOSA,CENTRO,-36.8975802,-10.12561347,9ª,Escola de Ensino Regular
ESCOLA ESTADUAL SANTA CRUZ DO DESERTO,27002063,Mata Grande,2705002,RUA DO COMERCIO,POVOADO DE SANTA CRUZ DO DESERTO,-37.83571357,-9.1433574,11ª,Escola em tempo integral
ESCOLA ESTADUAL SANTA TEREZA D AVILA,27037185,Maceió,2704302,RUA SANTO AMARO,SANTO AMARO,-35.74225377,-9.608485803,1ª,Escola de Ensino Regular
ESCOLA ESTADUAL SANTOS DUMONT,27040348,Rio Largo,2707701,DESTACAMENTO DA FAB,TABULEIRO DO PINTO,-35.80266113,-9.518408537,12ª,Escola de Ensino Regular
ESCOLA ESTADUAL SANTOS FERRAZ,27020819,Taquarana,2709103,RUA ANTONIO MADEIRO,CENTRO,-36.49733543,-9.642274776,5ª,Escola de Ensino Regular
ESCOLA ESTADUAL SATURNINO DE SOUZA,27029654,Matriz de Camaragibe,2705101,AVENIDA GOVERNADOR LUIZ CAVALCANTE,CENTRO,-35.53161194,-9.15325528,10ª,Escola em tempo integral
ESCOLA ESTADUAL SENADOR ARNON DE MELLO,27044726,Feliz Deserto,2702702,PRACA DOMINGOS MENDES,CENTRO,-36.30615788,-10.29183918,9ª,Escola de Ensino Regular
ESCOLA ESTADUAL SENADOR RUI PALMEIRA,27016331,Arapiraca,2700300,RUA MANOEL NUNES NETO,CAPIATA,-36.66355257,-9.742706006,5ª,Escola em tempo integral
ESCOLA ESTADUAL TABULEIRO DO PINTO,27040860,Rio Largo,2707701,RUA JOSE MONTEIRO DE MELO,TABULEIRO DO PINTO,-35.81339376,-9.503769201,12ª,Escola de Ensino Regular
ESCOLA ESTADUAL TARCISIO DE JESUS,27036499,Maceió,2704302,AVENIDA SENADOR RUI PALMEIRA,TRAPICHE DA BARRA,-35.76414743,-9.670459475,1ª,Escola em tempo integral
ESCOLA ESTADUAL TARCISIO SOARES PALMEIRA,27043690,São Miguel dos Campos,2708600,TRAVESSA SENADOR MAXIMO,CENTRO,-36.098921,-9.779983577,2ª,Escola de Ensino Regular
ESCOLA ESTADUAL TAVARES BASTOS,27038637,Maceió,2704302,PRACA DO CENTENARIO,FAROL,-35.73355036,-9.653844514,13ª,Escola de Ensino Regular
ESCOLA ESTADUAL TEOTONIO VILELA,27035832,Maceió,2704302,AV FERNANDES LIMA,FAROL,-35.73829739,-9.639014474,13ª,Escola em tempo integral
ESCOLA ESTADUAL THOMAZ ESPINDOLA,27038653,Maceió,2704302,RUA VEREADOR JOSE DE CALDAS,PONTA GROSSA,-35.75119544,-9.657258319,1ª,Escola de Ensino Regular
ESCOLA ESTADUAL TORQUATO CABRAL,27027457,Capela,2701704,PRACA EUSTAQUIO GOMES DE MELO,CENTRO,-36.07538979,-9.413868177,4ª,Escola de Ensino Regular
ESCOLA ESTADUAL VALDECY GOMES DE VASCONCELOS,27039668,Pilar,2706901,RUA ANTONIO SERAFIM COSTA,CHA DO PILAR,-35.95412885,-9.597694656,12ª,Escola de Ensino Regular
ESCOLA ESTADUAL WATSON CLEMENTINO DE GUSMAO SILVA,27003213,Delmiro Gouveia,2702405,RUA HENRIQUE DIAS,BAIRRO NOVO,-38.00889808,-9.383535599,11ª,Escola em tempo integral
ESCOLA INDIGENA ACONA,27227227,Traipu,2709202,ALDEIA ACONA,ZONA RURAL,-36.86252674,-10.02739259,5ª,Escola Indígena
ESCOLA INDIGENA ANCELMO BISPO DE SOUZA,27230562,Inhapi,2703304,ALDEIA ROCADO,ZONA RURAL,-37.80950276,-9.20953134,11ª,Escola Indígena
ESCOLA INDIGENA CACIQUE ALFREDO CELESTINO,27226638,Palmeira dos Índios,2706307,ALDEIA MAE INDIGENA SERRA DO CAPELA,SB,-36.62856439,-9.382336591,3ª,Escola Indígena e integral
ESCOLA INDIGENA ESTADUAL JOSE MANOEL DE SOUZA,27028992,Joaquim Gomes,2703809,AREA INDIGENA WASSU COCAL GEREBA,ZONA RURAL,-35.71596422,-9.055674259,12ª,Escola Indígena
ESCOLA INDIGENA ESTADUAL JOSE MAXIMO DE OLIVEIRA,27029107,Joaquim Gomes,2703809,AREA INDIGENA WASSU COCAL,ZONA RURAL,-35.71031967,-9.048139712,12ª,Escola Indígena
ESCOLA INDIGENA ESTADUAL MANOEL HONORIO DA SILVA,27028780,Joaquim Gomes,2703809,AREA INDIGENA WASSU COCAL - PEDRINHAS,ZONARURAL,-35.71440413,-9.05689549,12ª,Escola Indígena
ESCOLA INDIGENA ESTADUAL PROFa MARLENE MARQUES DOS SANTOS,27216721,Joaquim Gomes,2703809,ALDEIA WASSU COCAL,ZONA RURAL,-35.71031967,-9.048139712,12ª,Escola Indígena
ESCOLA INDIGENA ITAPO,27020509,São Sebastião,2708808,ALDEIA KARAPOTO PLAKI-O,ZONA RURAL,-36.61961618,-10.00614261,5ª,Escola Indígena
ESCOLA INDIGENA JOSE CARAPINA,27003108,Pariconha,2706422,TERRA INDIGENA GERIPANCKO,ZONA RURAL,-38.02500469,-9.222039671,11ª,Escola Indígena
ESCOLA INDIGENA TINGUI BOTO,27018431,Feira Grande,2702603,OLHO D AGUA DO MEIO,ZONA RURAL,-36.70410638,-9.893713735,5ª,Escola Indígena
ESCOLA TECNICA DE SAUDE PROFESSORA VALERIA HORA,27224929,Maceió,2704302,RUA DOUTOR PEDRO MONTEIRO,CENTRO,-35.740368,-9.668361,1ª,Escola de Ensino Regular
